Transaction,Items
1,Beer
1,Apples
1,Milk
1,Fish
2,Fish
2,Diaper
2,Milk
3,Bread
3,Chicken
3,Cheese
3,Diaper
4,Bread
4,Fish
5,Diaper
6,Apples
6,Cola
6,Diaper
6,Milk
6,Eggs
7,Diaper
8,Cola
8,Diaper
9,Cheese
9,Diaper
9,Eggs
9,Fish
9,Beer
10,Bread
10,Eggs
10,Diaper
10,Cola
10,Beer
11,Cola
11,Beer
11,Bread
12,Eggs
12,Cola
13,Bread
13,Beer
13,Cola
13,Fish
13,Milk
14,Chicken
14,Beer
14,Fish
15,Fish
15,Cola
16,Fish
16,Milk
16,Cola
16,Bread
16,Apples
17,Milk
18,Bread
18,Diaper
18,Chicken
19,Cola
20,Fish
21,Cheese
22,Chicken
23,Milk
23,Cheese
23,Fish
24,Diaper
24,Apples
24,Fish
25,Milk
26,Chicken
26,Bread
26,Cola
27,Cheese
27,Cola
28,Apples
28,Fish
29,Fish
30,Fish
30,Cola
30,Bread
31,Cheese
31,Chicken
31,Eggs
31,Beer
32,Fish
32,Bread
33,Eggs
33,Bread
33,Cola
33,Apples
33,Milk
34,Milk
34,Beer
34,Bread
34,Apples
35,Diaper
35,Apples
35,Chicken
36,Fish
36,Eggs
36,Bread
37,Fish
37,Chicken
37,Bread
37,Cheese
37,Apples
38,Eggs
38,Bread
38,Diaper
39,Milk
39,Cola
40,Cola
40,Beer
41,Fish
41,Eggs
41,Cola
41,Beer
41,Milk
42,Apples
42,Diaper
43,Cola
43,Milk
43,Apples
43,Chicken
44,Cola
44,Diaper
44,Cheese
45,Bread
45,Diaper
45,Fish
46,Chicken
46,Bread
46,Milk
46,Cola
47,Chicken
47,Cola
47,Eggs
47,Bread
48,Diaper
48,Bread
48,Fish
48,Chicken
48,Beer
49,Fish
49,Diaper
50,Apples
51,Apples
52,Chicken
52,Fish
52,Bread
52,Diaper
52,Cola
53,Milk
53,Chicken
53,Cola
53,Diaper
53,Eggs
54,Apples
55,Apples
55,Eggs
55,Chicken
55,Fish
56,Eggs
56,Cheese
56,Cola
56,Chicken
57,Chicken
57,Cola
58,Chicken
58,Eggs
59,Diaper
59,Eggs
59,Bread
60,Eggs
61,Chicken
61,Beer
61,Bread
61,Eggs
61,Diaper
62,Bread
63,Milk
63,Apples
63,Cola
64,Bread
64,Apples
64,Eggs
64,Cheese
64,Fish
65,Fish
66,Diaper
66,Eggs
66,Cheese
66,Cola
66,Milk
67,Cola
67,Cheese
67,Beer
67,Milk
67,Eggs
68,Cheese
68,Diaper
68,Bread
69,Beer
69,Milk
69,Apples
70,Chicken
70,Apples
70,Cheese
70,Diaper
70,Eggs
71,Cheese
72,Bread
72,Milk
72,Cheese
72,Fish
72,Chicken
73,Beer
73,Diaper
73,Apples
73,Cola
74,Chicken
74,Eggs
74,Milk
75,Eggs
75,Diaper
76,Bread
76,Diaper
76,Apples
76,Cheese
77,Apples
77,Chicken
77,Beer
78,Beer
78,Apples
78,Diaper
79,Chicken
79,Bread
79,Beer
80,Bread
81,Beer
81,Fish
81,Bread
81,Milk
81,Apples
82,Bread
82,Beer
82,Fish
83,Fish
83,Diaper
83,Eggs
83,Cola
84,Chicken
84,Apples
84,Cheese
85,Milk
85,Cheese
85,Apples
85,Fish
85,Beer
86,Fish
86,Eggs
87,Fish
87,Eggs
87,Chicken
87,Bread
88,Diaper
89,Bread
89,Eggs
89,Milk
90,Chicken
90,Milk
90,Eggs
91,Diaper
91,Cheese
91,Apples
91,Chicken
91,Bread
92,Bread
92,Beer
93,Bread
93,Cheese
94,Eggs
94,Milk
95,Chicken
95,Beer
95,Milk
96,Beer
96,Diaper
96,Fish
96,Cola
96,Bread
97,Eggs
97,Chicken
97,Cheese
97,Cola
97,Milk
98,Apples
98,Cola
98,Chicken
98,Fish
99,Fish
99,Cheese
99,Beer
99,Milk
100,Milk
100,Cola
100,Chicken
100,Bread
100,Diaper
101,Milk
102,Diaper
102,Cola
103,Eggs
104,Cola
104,Bread
104,Eggs
104,Apples
105,Apples
105,Cola
105,Fish
105,Chicken
105,Cheese
106,Fish
106,Diaper
106,Cheese
106,Eggs
107,Beer
107,Apples
107,Bread
108,Fish
108,Eggs
108,Cheese
108,Beer
109,Apples
110,Beer
110,Eggs
110,Milk
111,Cola
111,Beer
112,Eggs
113,Cola
113,Milk
113,Fish
114,Chicken
114,Cola
114,Bread
114,Apples
114,Fish
115,Fish
116,Bread
116,Apples
117,Cola
117,Milk
117,Fish
117,Apples
117,Eggs
118,Milk
118,Fish
118,Chicken
119,Cola
119,Fish
120,Apples
120,Cola
120,Diaper
120,Eggs
120,Fish
121,Chicken
122,Chicken
123,Eggs
123,Apples
123,Chicken
123,Cheese
124,Apples
124,Cola
125,Bread
125,Apples
125,Cheese
125,Fish
126,Diaper
126,Fish
126,Chicken
126,Apples
126,Beer
127,Apples
127,Bread
127,Beer
127,Eggs
128,Eggs
128,Beer
128,Cheese
128,Cola
128,Fish
129,Fish
129,Cheese
129,Cola
129,Apples
130,Cola
130,Cheese
130,Chicken
131,Beer
131,Bread
132,Cheese
133,Fish
133,Milk
133,Cheese
134,Apples
135,Milk
136,Beer
136,Fish
136,Diaper
136,Cheese
137,Fish
137,Beer
138,Cola
139,Cheese
140,Chicken
140,Beer
141,Fish
141,Cheese
142,Cheese
142,Chicken
142,Apples
142,Milk
142,Cola
143,Diaper
143,Apples
144,Chicken
145,Fish
145,Cola
145,Apples
146,Apples
146,Fish
146,Eggs
146,Cola
146,Diaper
147,Cheese
147,Diaper
147,Beer
148,Beer
149,Eggs
149,Bread
150,Bread
151,Fish
152,Diaper
152,Chicken
153,Milk
153,Beer
153,Eggs
153,Apples
153,Cola
154,Cola
154,Beer
154,Apples
154,Eggs
155,Milk
155,Eggs
155,Chicken
156,Diaper
157,Eggs
157,Beer
157,Milk
157,Cola
158,Apples
158,Fish
159,Apples
159,Diaper
159,Eggs
159,Cola
160,Cheese
160,Chicken
160,Beer
160,Bread
161,Apples
161,Beer
161,Eggs
161,Diaper
162,Milk
162,Cheese
162,Eggs
162,Bread
163,Apples
163,Cola
163,Milk
164,Cola
164,Beer
164,Apples
164,Cheese
164,Eggs
165,Beer
165,Apples
165,Bread
165,Diaper
165,Fish
166,Cola
166,Cheese
166,Fish
166,Beer
166,Milk
167,Diaper
167,Fish
167,Bread
168,Bread
168,Eggs
169,Chicken
169,Beer
170,Fish
170,Beer
170,Milk
170,Cheese
171,Beer
171,Fish
171,Chicken
171,Diaper
171,Cheese
172,Cola
172,Bread
173,Chicken
174,Cola
174,Milk
174,Chicken
174,Beer
174,Eggs
175,Milk
175,Chicken
176,Eggs
176,Diaper
176,Chicken
176,Cola
176,Beer
177,Cola
177,Milk
177,Apples
178,Cola
178,Apples
178,Milk
178,Diaper
178,Cheese
179,Chicken
180,Eggs
180,Bread
180,Milk
180,Fish
180,Cheese
181,Cola
181,Diaper
181,Beer
182,Beer
182,Milk
182,Bread
182,Diaper
182,Eggs
183,Bread
183,Fish
183,Cola
183,Chicken
184,Apples
184,Bread
184,Cheese
184,Fish
184,Chicken
185,Cheese
185,Chicken
185,Fish
185,Beer
186,Apples
186,Eggs
186,Beer
186,Bread
187,Apples
187,Milk
187,Eggs
188,Cheese
189,Cheese
189,Fish
189,Eggs
189,Beer
189,Milk
190,Cola
190,Bread
191,Diaper
191,Bread
191,Eggs
192,Beer
192,Diaper
193,Milk
193,Diaper
193,Beer
193,Cola
194,Fish
194,Bread
195,Apples
196,Diaper
196,Milk
196,Apples
196,Cola
197,Apples
197,Diaper
197,Chicken
198,Bread
198,Fish
199,Chicken
199,Cheese
199,Milk
200,Beer
200,Bread
200,Eggs
201,Milk
201,Diaper
201,Bread
201,Cheese
201,Eggs
202,Cheese
202,Cola
202,Eggs
202,Fish
203,Milk
203,Chicken
203,Cheese
203,Cola
204,Cheese
204,Eggs
204,Beer
204,Fish
204,Apples
205,Beer
205,Diaper
206,Eggs
206,Fish
206,Cola
206,Diaper
207,Apples
207,Fish
207,Eggs
207,Cheese
208,Fish
208,Milk
208,Beer
209,Eggs
210,Diaper
210,Bread
210,Eggs
210,Milk
211,Milk
211,Cheese
211,Fish
211,Bread
212,Fish
213,Cheese
213,Apples
213,Chicken
214,Eggs
214,Beer
214,Cheese
215,Cola
215,Milk
215,Eggs
215,Diaper
216,Apples
217,Cola
217,Eggs
218,Bread
219,Diaper
219,Fish
220,Chicken
220,Eggs
220,Bread
220,Beer
220,Diaper
221,Chicken
221,Beer
221,Fish
221,Milk
222,Beer
222,Bread
222,Cheese
222,Diaper
222,Cola
223,Chicken
223,Bread
224,Fish
225,Diaper
225,Cheese
225,Apples
226,Milk
227,Eggs
227,Bread
228,Cheese
228,Milk
228,Fish
229,Milk
229,Chicken
229,Bread
229,Cheese
230,Cheese
230,Chicken
231,Beer
231,Diaper
231,Chicken
231,Eggs
232,Diaper
232,Bread
232,Cola
232,Fish
233,Diaper
233,Apples
233,Bread
234,Beer
234,Apples
235,Cola
235,Cheese
236,Fish
236,Eggs
237,Apples
237,Bread
237,Cheese
237,Fish
237,Beer
238,Milk
239,Chicken
239,Cola
239,Bread
239,Eggs
239,Apples
240,Apples
240,Bread
241,Apples
242,Fish
242,Apples
242,Cheese
242,Milk
242,Beer
243,Apples
243,Beer
244,Eggs
244,Fish
244,Bread
244,Diaper
245,Cola
246,Apples
246,Bread
246,Cheese
246,Milk
247,Chicken
247,Diaper
247,Cheese
247,Apples
247,Cola
248,Diaper
248,Eggs
249,Chicken
249,Cola
249,Eggs
250,Milk
250,Beer
250,Apples
250,Cola
251,Fish
251,Apples
251,Cheese
251,Diaper
251,Cola
252,Bread
252,Apples
253,Fish
253,Milk
254,Cola
254,Diaper
255,Chicken
255,Bread
255,Apples
255,Cola
255,Cheese
256,Apples
256,Diaper
256,Chicken
256,Eggs
256,Cola
257,Cheese
257,Milk
257,Fish
257,Beer
258,Eggs
258,Beer
258,Fish
259,Cola
259,Bread
259,Beer
259,Eggs
259,Apples
260,Apples
260,Bread
260,Eggs
261,Milk
261,Apples
261,Chicken
261,Diaper
262,Chicken
262,Fish
262,Bread
262,Milk
262,Cola
263,Milk
263,Beer
264,Diaper
264,Beer
264,Cheese
264,Apples
264,Eggs
265,Eggs
265,Bread
265,Cheese
265,Cola
265,Chicken
266,Cola
266,Milk
266,Diaper
266,Eggs
266,Chicken
267,Diaper
267,Fish
267,Apples
267,Milk
267,Cheese
268,Eggs
269,Milk
269,Fish
270,Bread
271,Beer
271,Bread
271,Eggs
271,Cola
271,Fish
272,Fish
272,Cheese
272,Eggs
273,Eggs
273,Milk
273,Bread
274,Cola
274,Cheese
274,Diaper
274,Milk
274,Beer
275,Cola
276,Diaper
277,Milk
277,Apples
277,Diaper
277,Fish
278,Cola
279,Milk
279,Bread
280,Cheese
281,Milk
281,Bread
282,Chicken
282,Diaper
282,Milk
283,Apples
283,Eggs
283,Chicken
283,Milk
284,Chicken
284,Bread
284,Milk
285,Cheese
285,Bread
285,Eggs
285,Fish
285,Diaper
286,Beer
286,Milk
287,Milk
287,Diaper
287,Chicken
287,Cola
287,Cheese
288,Apples
289,Diaper
289,Milk
289,Chicken
290,Milk
290,Diaper
291,Chicken
291,Eggs
291,Diaper
291,Bread
292,Diaper
292,Milk
292,Fish
292,Cola
292,Bread
293,Fish
293,Chicken
293,Bread
293,Beer
294,Eggs
294,Bread
294,Cheese
294,Fish
294,Milk
295,Chicken
295,Diaper
295,Bread
295,Cheese
296,Diaper
296,Fish
296,Apples
296,Beer
297,Beer
297,Apples
298,Fish
298,Beer
298,Milk
298,Eggs
298,Cheese
299,Fish
299,Diaper
299,Eggs
299,Cheese
299,Apples
300,Cola
300,Apples
301,Cheese
301,Diaper
301,Eggs
301,Bread
302,Fish
302,Milk
302,Cola
302,Chicken
303,Cheese
303,Bread
304,Chicken
304,Eggs
305,Diaper
305,Milk
306,Cheese
306,Eggs
306,Beer
306,Milk
306,Chicken
307,Diaper
307,Bread
307,Cheese
308,Bread
308,Diaper
308,Cola
308,Apples
308,Chicken
309,Cola
309,Diaper
310,Chicken
310,Diaper
311,Cola
311,Milk
311,Bread
312,Diaper
312,Apples
312,Chicken
313,Chicken
313,Cheese
313,Bread
313,Milk
313,Cola
314,Cola
314,Cheese
315,Chicken
315,Apples
315,Cola
316,Cheese
316,Apples
316,Cola
316,Milk
316,Eggs
317,Milk
318,Cola
318,Fish
318,Chicken
319,Apples
319,Bread
319,Milk
319,Fish
319,Diaper
320,Diaper
320,Beer
320,Fish
321,Beer
321,Bread
321,Apples
321,Fish
322,Apples
323,Cheese
323,Cola
323,Milk
323,Apples
323,Diaper
324,Milk
324,Apples
325,Apples
325,Eggs
325,Cheese
325,Fish
325,Bread
326,Chicken
326,Bread
327,Cheese
327,Fish
327,Chicken
328,Cola
329,Cheese
329,Apples
329,Milk
329,Bread
329,Beer
330,Fish
331,Diaper
331,Cola
331,Apples
332,Apples
332,Cola
332,Cheese
333,Eggs
333,Chicken
333,Bread
334,Apples
335,Bread
336,Chicken
336,Cola
336,Eggs
337,Fish
338,Eggs
338,Apples
338,Diaper
339,Eggs
340,Cola
341,Fish
342,Cola
342,Diaper
342,Milk
343,Cola
343,Fish
343,Cheese
343,Beer
344,Fish
345,Cheese
345,Eggs
346,Diaper
346,Apples
346,Eggs
346,Bread
346,Fish
347,Apples
347,Diaper
347,Chicken
348,Bread
348,Diaper
348,Beer
349,Beer
349,Chicken
349,Eggs
350,Cheese
350,Bread
350,Eggs
350,Apples
350,Cola
351,Chicken
351,Eggs
351,Fish
351,Diaper
351,Apples
352,Diaper
352,Fish
352,Chicken
352,Cola
352,Eggs
353,Chicken
353,Apples
353,Fish
353,Milk
354,Apples
354,Eggs
355,Cola
355,Fish
355,Beer
356,Cheese
356,Chicken
356,Beer
357,Apples
357,Beer
357,Eggs
357,Fish
358,Fish
359,Chicken
359,Apples
359,Beer
359,Fish
360,Beer
360,Cola
360,Milk
361,Eggs
361,Fish
361,Apples
361,Diaper
362,Cheese
363,Diaper
363,Fish
363,Chicken
364,Beer
364,Fish
364,Apples
364,Chicken
365,Beer
365,Chicken
366,Milk
366,Cheese
367,Eggs
367,Bread
368,Diaper
368,Beer
368,Eggs
368,Cheese
369,Beer
369,Milk
369,Eggs
370,Bread
370,Apples
370,Eggs
370,Fish
370,Chicken
371,Eggs
371,Cheese
371,Apples
371,Fish
371,Chicken
372,Bread
373,Beer
373,Milk
373,Apples
373,Chicken
374,Cheese
374,Bread
374,Chicken
374,Milk
375,Cheese
375,Fish
376,Bread
376,Apples
377,Chicken
377,Apples
378,Bread
378,Fish
378,Cola
378,Eggs
379,Bread
380,Milk
380,Beer
380,Fish
380,Apples
380,Diaper
381,Beer
381,Apples
382,Fish
382,Cola
382,Beer
383,Eggs
384,Fish
384,Cola
384,Diaper
385,Fish
385,Cheese
385,Bread
386,Fish
386,Apples
386,Beer
386,Cola
386,Cheese
387,Milk
387,Cola
388,Diaper
388,Beer
388,Bread
389,Beer
389,Chicken
389,Cheese
389,Bread
389,Eggs
390,Milk
390,Diaper
391,Bread
391,Fish
392,Apples
392,Eggs
393,Cola
394,Bread
395,Chicken
395,Milk
395,Cheese
396,Chicken
396,Cheese
396,Bread
397,Eggs
397,Beer
398,Cola
398,Bread
398,Eggs
398,Cheese
398,Fish
399,Eggs
400,Cola
400,Chicken
400,Milk
400,Beer
401,Diaper
402,Fish
403,Milk
403,Apples
404,Eggs
405,Milk
405,Diaper
406,Cola
407,Cola
407,Eggs
407,Diaper
407,Cheese
407,Milk
408,Fish
409,Eggs
409,Cola
409,Diaper
409,Chicken
409,Apples
410,Bread
410,Cola
410,Eggs
410,Fish
411,Bread
412,Milk
413,Apples
414,Beer
415,Bread
415,Eggs
415,Milk
416,Cola
416,Diaper
416,Cheese
416,Bread
417,Fish
418,Diaper
418,Beer
419,Cheese
419,Bread
420,Chicken
421,Eggs
421,Cola
421,Cheese
421,Beer
422,Milk
423,Chicken
423,Eggs
423,Fish
423,Beer
424,Bread
424,Cola
424,Cheese
424,Diaper
424,Milk
425,Diaper
425,Fish
425,Cheese
426,Milk
426,Fish
426,Eggs
426,Diaper
427,Apples
427,Eggs
427,Milk
427,Chicken
427,Bread
428,Beer
428,Apples
428,Eggs
429,Chicken
429,Beer
429,Cola
430,Chicken
430,Eggs
430,Fish
430,Cheese
430,Milk
431,Chicken
431,Cola
432,Diaper
432,Cheese
433,Apples
433,Milk
433,Eggs
434,Milk
434,Beer
434,Diaper
434,Chicken
435,Eggs
435,Apples
435,Cheese
435,Fish
436,Chicken
436,Apples
436,Eggs
436,Milk
437,Cheese
437,Milk
437,Eggs
438,Apples
439,Chicken
440,Cheese
440,Milk
440,Bread
440,Cola
440,Apples
441,Diaper
441,Milk
441,Beer
441,Chicken
442,Cola
443,Fish
443,Cola
443,Cheese
443,Beer
443,Eggs
444,Bread
445,Bread
445,Apples
445,Fish
445,Beer
445,Diaper
446,Beer
446,Cola
447,Beer
448,Bread
448,Eggs
448,Chicken
448,Fish
449,Cola
450,Fish
450,Cola
450,Apples
451,Bread
451,Cola
451,Fish
451,Beer
452,Bread
453,Diaper
453,Milk
454,Apples
455,Diaper
455,Cola
455,Apples
456,Diaper
456,Chicken
456,Bread
457,Cheese
457,Beer
457,Fish
458,Cola
458,Apples
458,Bread
458,Fish
459,Cola
459,Diaper
459,Apples
459,Beer
460,Diaper
460,Fish
460,Cheese
460,Beer
460,Cola
461,Apples
461,Cola
461,Eggs
461,Fish
461,Cheese
462,Chicken
462,Cheese
462,Eggs
463,Fish
463,Bread
464,Chicken
464,Milk
464,Fish
464,Eggs
465,Cheese
465,Bread
465,Cola
466,Cola
466,Apples
467,Fish
467,Diaper
467,Cheese
468,Eggs
468,Cola
468,Bread
468,Fish
468,Diaper
469,Cheese
470,Eggs
470,Bread
471,Cola
471,Bread
471,Cheese
471,Eggs
471,Apples
472,Bread
472,Fish
473,Milk
474,Fish
475,Cheese
475,Beer
475,Cola
475,Apples
475,Fish
476,Beer
476,Bread
477,Chicken
477,Beer
477,Fish
477,Cheese
478,Apples
478,Cheese
479,Beer
479,Cheese
480,Apples
480,Cola
480,Cheese
480,Bread
480,Diaper
481,Beer
482,Apples
482,Eggs
482,Milk
482,Fish
482,Chicken
483,Eggs
483,Diaper
483,Apples
483,Beer
484,Cheese
484,Diaper
484,Apples
484,Cola
484,Eggs
485,Beer
485,Fish
485,Apples
486,Bread
486,Beer
486,Fish
486,Cola
487,Apples
487,Diaper
487,Eggs
487,Fish
487,Bread
488,Cola
488,Cheese
489,Eggs
489,Cola
490,Beer
490,Bread
490,Apples
491,Beer
492,Chicken
492,Diaper
492,Beer
493,Fish
493,Eggs
494,Bread
495,Chicken
495,Eggs
495,Fish
495,Cheese
495,Milk
496,Cola
497,Beer
497,Chicken
497,Cheese
497,Eggs
497,Fish
498,Cola
499,Diaper
499,Cheese
499,Apples
499,Chicken
500,Milk
500,Beer
500,Bread
500,Cola
501,Cola
501,Chicken
501,Fish
502,Diaper
503,Bread
503,Cheese
504,Beer
504,Chicken
504,Cheese
504,Apples
505,Fish
505,Diaper
506,Apples
506,Beer
506,Bread
507,Cola
507,Fish
507,Eggs
507,Diaper
508,Beer
508,Cola
509,Milk
509,Chicken
509,Fish
509,Diaper
509,Apples
510,Bread
510,Diaper
510,Eggs
510,Fish
511,Fish
511,Milk
511,Chicken
511,Eggs
511,Bread
512,Beer
512,Milk
512,Diaper
513,Apples
513,Bread
513,Milk
513,Chicken
513,Cheese
514,Cheese
514,Bread
514,Cola
515,Apples
515,Beer
515,Fish
516,Beer
516,Milk
516,Chicken
517,Chicken
517,Cheese
517,Eggs
517,Beer
518,Chicken
518,Apples
518,Milk
519,Cola
519,Fish
520,Fish
520,Chicken
520,Milk
521,Beer
522,Apples
523,Fish
523,Eggs
523,Apples
523,Cola
524,Cheese
524,Diaper
524,Apples
525,Milk
525,Fish
525,Bread
526,Bread
527,Beer
527,Bread
527,Eggs
528,Bread
529,Beer
529,Fish
529,Cheese
529,Diaper
530,Milk
530,Cola
531,Eggs
531,Bread
532,Cheese
532,Diaper
532,Cola
533,Apples
533,Milk
533,Chicken
533,Diaper
534,Cheese
534,Milk
534,Chicken
534,Apples
535,Beer
536,Apples
536,Chicken
537,Chicken
537,Eggs
538,Apples
538,Cola
539,Diaper
539,Beer
539,Bread
539,Cheese
540,Apples
540,Bread
540,Diaper
540,Cheese
540,Cola
541,Milk
541,Cheese
541,Eggs
541,Chicken
542,Fish
542,Beer
542,Cola
542,Bread
542,Diaper
543,Cheese
543,Fish
543,Bread
544,Chicken
544,Bread
545,Bread
545,Diaper
546,Apples
546,Beer
546,Cheese
546,Eggs
546,Cola
547,Eggs
547,Bread
547,Diaper
548,Eggs
548,Beer
549,Cola
549,Apples
549,Bread
549,Eggs
549,Fish
550,Diaper
550,Cola
550,Bread
550,Chicken
550,Fish
551,Apples
552,Cola
553,Beer
553,Apples
553,Diaper
554,Bread
554,Beer
555,Eggs
555,Fish
555,Beer
556,Milk
556,Apples
556,Cheese
557,Cola
558,Cola
558,Cheese
559,Cheese
560,Apples
560,Beer
560,Fish
560,Diaper
561,Cheese
561,Cola
562,Cheese
562,Eggs
563,Diaper
563,Cola
564,Eggs
564,Diaper
565,Diaper
565,Bread
565,Chicken
565,Fish
566,Cola
566,Apples
566,Fish
566,Bread
566,Chicken
567,Fish
567,Cola
567,Beer
568,Beer
568,Eggs
568,Milk
569,Fish
570,Cola
570,Cheese
570,Apples
570,Diaper
570,Milk
571,Fish
571,Diaper
571,Cola
571,Eggs
571,Milk
572,Cola
572,Beer
572,Diaper
572,Chicken
572,Eggs
573,Diaper
573,Beer
573,Cheese
574,Bread
574,Beer
574,Milk
574,Fish
574,Cheese
575,Cheese
575,Apples
575,Fish
575,Milk
575,Bread
576,Milk
576,Fish
577,Bread
577,Apples
577,Cheese
577,Diaper
578,Fish
578,Cola
578,Bread
579,Beer
579,Cheese
579,Eggs
579,Bread
580,Milk
580,Bread
580,Diaper
580,Fish
581,Fish
581,Apples
581,Milk
581,Cola
582,Eggs
582,Cola
582,Fish
582,Milk
582,Apples
583,Beer
583,Cheese
583,Diaper
584,Beer
584,Diaper
585,Cheese
585,Diaper
586,Bread
586,Eggs
586,Apples
587,Chicken
587,Fish
587,Bread
588,Beer
589,Diaper
589,Apples
589,Bread
590,Diaper
591,Beer
591,Cheese
591,Milk
591,Apples
592,Cheese
593,Cheese
593,Fish
594,Chicken
594,Milk
595,Diaper
595,Fish
595,Cheese
595,Bread
596,Fish
596,Diaper
596,Milk
596,Beer
597,Cola
597,Chicken
597,Bread
597,Milk
597,Apples
598,Eggs
598,Diaper
598,Chicken
598,Bread
598,Apples
599,Chicken
599,Milk
600,Bread
600,Cola
600,Diaper
601,Cola
601,Diaper
601,Bread
602,Fish
602,Chicken
602,Milk
602,Apples
602,Bread
603,Cola
603,Milk
604,Eggs
604,Milk
604,Bread
605,Eggs
605,Chicken
605,Cheese
605,Diaper
606,Fish
607,Apples
608,Milk
608,Fish
608,Eggs
609,Cheese
609,Diaper
609,Cola
610,Beer
610,Cheese
610,Eggs
610,Diaper
611,Chicken
611,Cola
611,Cheese
611,Milk
611,Apples
612,Eggs
612,Diaper
613,Chicken
614,Apples
614,Diaper
615,Milk
615,Diaper
615,Fish
615,Beer
615,Cheese
616,Diaper
616,Bread
616,Milk
616,Chicken
617,Chicken
618,Bread
618,Fish
618,Milk
618,Apples
619,Cola
619,Diaper
619,Apples
619,Chicken
619,Bread
620,Bread
620,Cola
620,Beer
620,Milk
621,Bread
621,Apples
621,Beer
622,Chicken
623,Apples
624,Eggs
624,Apples
624,Chicken
625,Bread
625,Cheese
626,Chicken
626,Eggs
626,Cola
627,Cheese
627,Milk
627,Diaper
628,Eggs
628,Apples
628,Milk
628,Beer
629,Cola
629,Milk
629,Chicken
630,Cheese
630,Cola
630,Milk
631,Eggs
631,Bread
631,Apples
631,Cola
632,Cola
633,Eggs
633,Diaper
633,Bread
633,Beer
633,Cheese
634,Cola
634,Chicken
634,Apples
635,Apples
635,Chicken
635,Cola
635,Eggs
635,Fish
636,Cola
636,Bread
636,Cheese
637,Beer
637,Cheese
637,Milk
637,Cola
638,Beer
638,Fish
638,Cola
638,Diaper
639,Diaper
639,Eggs
640,Diaper
640,Cheese
640,Fish
640,Eggs
641,Cola
641,Diaper
641,Fish
642,Milk
642,Cheese
642,Eggs
642,Cola
642,Fish
643,Apples
644,Milk
644,Cola
645,Eggs
645,Beer
646,Milk
646,Chicken
647,Eggs
647,Chicken
647,Apples
647,Cheese
647,Diaper
648,Apples
648,Fish
648,Chicken
648,Beer
648,Bread
649,Apples
649,Milk
649,Cola
649,Beer
650,Chicken
650,Eggs
651,Chicken
651,Bread
652,Beer
652,Apples
652,Fish
652,Eggs
653,Beer
653,Milk
653,Eggs
653,Fish
653,Cheese
654,Milk
654,Cheese
654,Eggs
654,Chicken
654,Fish
655,Eggs
655,Milk
655,Cola
655,Fish
655,Beer
656,Eggs
656,Fish
656,Bread
657,Beer
657,Diaper
657,Cola
657,Milk
657,Bread
658,Beer
659,Chicken
660,Eggs
660,Apples
660,Cola
660,Chicken
660,Milk
661,Chicken
662,Beer
662,Cola
662,Milk
662,Diaper
663,Beer
663,Apples
663,Milk
663,Cola
664,Apples
664,Beer
664,Cola
664,Bread
664,Eggs
665,Eggs
665,Cheese
665,Apples
665,Bread
666,Milk
666,Beer
667,Fish
667,Apples
667,Milk
667,Bread
668,Beer
669,Apples
669,Eggs
669,Beer
670,Milk
670,Beer
670,Cola
670,Eggs
670,Apples
671,Beer
671,Diaper
671,Apples
671,Bread
672,Diaper
673,Beer
674,Beer
674,Apples
674,Eggs
674,Milk
674,Fish
675,Bread
676,Cheese
677,Eggs
677,Cola
677,Cheese
678,Cheese
678,Chicken
679,Cheese
679,Diaper
680,Eggs
680,Apples
680,Diaper
680,Cheese
681,Eggs
682,Apples
682,Cheese
682,Cola
682,Bread
682,Milk
683,Diaper
683,Eggs
683,Milk
684,Diaper
684,Milk
685,Chicken
685,Cola
685,Milk
685,Diaper
685,Eggs
686,Milk
686,Chicken
687,Milk
687,Bread
687,Cheese
688,Cola
689,Apples
689,Cola
689,Bread
690,Fish
690,Eggs
690,Beer
690,Bread
691,Beer
692,Apples
693,Milk
693,Bread
693,Fish
694,Bread
694,Apples
694,Eggs
695,Bread
695,Cola
695,Fish
695,Eggs
695,Beer
696,Cheese
696,Eggs
696,Diaper
697,Fish
698,Apples
698,Diaper
698,Fish
698,Cola
698,Eggs
699,Fish
699,Eggs
699,Apples
700,Chicken
700,Diaper
700,Cheese
700,Eggs
700,Apples
701,Fish
701,Diaper
702,Diaper
702,Cheese
702,Fish
703,Beer
703,Cheese
703,Milk
703,Chicken
704,Diaper
705,Bread
706,Eggs
706,Cola
707,Diaper
707,Fish
707,Cola
708,Apples
708,Eggs
708,Cola
709,Fish
710,Apples
710,Chicken
711,Diaper
711,Beer
711,Cola
712,Beer
712,Cheese
712,Chicken
712,Fish
713,Fish
713,Cheese
713,Cola
714,Milk
714,Chicken
714,Apples
715,Beer
715,Eggs
715,Cola
715,Apples
715,Cheese
716,Fish
717,Bread
717,Fish
718,Milk
718,Eggs
718,Cheese
719,Chicken
719,Cola
719,Fish
719,Cheese
720,Milk
720,Diaper
720,Eggs
720,Chicken
721,Cheese
721,Diaper
721,Eggs
722,Fish
723,Eggs
723,Apples
723,Chicken
723,Diaper
723,Beer
724,Beer
724,Apples
724,Diaper
724,Milk
725,Eggs
725,Chicken
725,Beer
725,Milk
725,Bread
726,Beer
726,Chicken
726,Fish
727,Diaper
727,Fish
728,Cola
728,Bread
728,Eggs
729,Eggs
729,Chicken
729,Milk
730,Cheese
730,Apples
730,Chicken
730,Beer
731,Beer
732,Eggs
733,Diaper
733,Eggs
734,Apples
734,Diaper
735,Apples
735,Eggs
735,Cola
735,Milk
736,Eggs
736,Chicken
736,Apples
737,Eggs
737,Beer
737,Cheese
737,Apples
738,Beer
739,Diaper
739,Bread
739,Milk
740,Apples
741,Beer
741,Milk
741,Apples
741,Cola
742,Chicken
742,Cola
743,Diaper
743,Fish
744,Apples
744,Cheese
744,Eggs
744,Diaper
745,Milk
745,Chicken
745,Apples
745,Cola
746,Milk
746,Apples
746,Fish
746,Chicken
747,Apples
747,Milk
747,Cheese
747,Bread
748,Beer
748,Fish
748,Milk
749,Chicken
749,Beer
749,Eggs
749,Bread
749,Milk
750,Beer
750,Milk
750,Cheese
750,Apples
750,Diaper
751,Beer
751,Diaper
752,Eggs
752,Apples
752,Cola
753,Apples
753,Chicken
753,Milk
753,Cheese
753,Diaper
754,Beer
754,Bread
755,Cheese
755,Diaper
756,Diaper
756,Milk
756,Cheese
756,Fish
756,Beer
757,Eggs
757,Diaper
757,Beer
757,Cola
758,Cola
758,Beer
758,Fish
758,Diaper
758,Milk
759,Diaper
759,Beer
759,Bread
760,Diaper
761,Cola
761,Eggs
762,Apples
763,Chicken
764,Fish
764,Eggs
764,Chicken
764,Apples
764,Bread
765,Eggs
766,Diaper
766,Cola
767,Chicken
767,Beer
768,Apples
768,Cola
769,Milk
769,Eggs
769,Diaper
769,Fish
770,Cheese
770,Eggs
770,Milk
770,Beer
771,Milk
771,Apples
771,Eggs
771,Cola
771,Diaper
772,Apples
772,Fish
772,Chicken
772,Bread
773,Eggs
773,Fish
773,Bread
773,Beer
773,Chicken
774,Diaper
774,Fish
774,Cheese
774,Apples
775,Bread
776,Milk
776,Fish
777,Beer
777,Fish
777,Eggs
777,Bread
777,Diaper
778,Milk
778,Cola
778,Cheese
778,Chicken
778,Fish
779,Apples
779,Eggs
779,Milk
779,Diaper
780,Beer
780,Fish
780,Cola
780,Chicken
780,Apples
781,Diaper
781,Eggs
781,Milk
781,Cola
781,Chicken
782,Eggs
782,Fish
783,Chicken
783,Cola
784,Beer
784,Fish
784,Chicken
784,Cola
785,Milk
786,Cola
786,Beer
786,Apples
786,Cheese
787,Eggs
788,Chicken
788,Diaper
788,Beer
788,Eggs
789,Apples
789,Eggs
789,Cola
789,Milk
789,Diaper
790,Milk
790,Fish
790,Eggs
790,Chicken
791,Milk
791,Beer
792,Cheese
792,Diaper
792,Eggs
793,Diaper
794,Apples
794,Diaper
794,Cheese
795,Apples
796,Diaper
796,Bread
796,Cheese
796,Chicken
797,Cheese
798,Diaper
798,Bread
798,Milk
799,Bread
799,Cola
799,Beer
799,Milk
799,Diaper
800,Apples
801,Fish
802,Chicken
802,Bread
803,Cheese
804,Cheese
804,Cola
805,Eggs
806,Apples
806,Eggs
806,Diaper
807,Cola
807,Milk
807,Apples
808,Milk
809,Cola
809,Beer
809,Milk
810,Fish
810,Cola
810,Diaper
810,Bread
811,Bread
811,Chicken
811,Cola
811,Diaper
812,Milk
812,Eggs
812,Diaper
812,Fish
813,Cola
813,Bread
814,Diaper
814,Beer
814,Milk
815,Milk
815,Beer
815,Fish
816,Cheese
816,Bread
817,Cola
817,Eggs
818,Milk
818,Bread
818,Cheese
819,Cheese
820,Apples
820,Chicken
820,Bread
820,Cola
820,Cheese
821,Cola
821,Milk
821,Cheese
821,Fish
821,Eggs
822,Chicken
822,Eggs
822,Milk
823,Diaper
823,Milk
823,Bread
823,Eggs
823,Cheese
824,Cheese
825,Milk
825,Fish
825,Diaper
826,Cola
826,Diaper
826,Chicken
827,Chicken
828,Bread
828,Diaper
829,Diaper
829,Apples
829,Beer
829,Fish
830,Chicken
830,Cola
830,Beer
830,Fish
830,Apples
831,Bread
831,Diaper
831,Milk
831,Chicken
831,Eggs
832,Beer
832,Eggs
833,Eggs
833,Chicken
833,Fish
833,Beer
834,Cola
834,Bread
834,Milk
834,Chicken
834,Fish
835,Chicken
835,Beer
835,Fish
836,Fish
836,Cheese
837,Milk
838,Fish
838,Diaper
838,Chicken
838,Eggs
838,Beer
839,Fish
839,Cheese
840,Chicken
840,Milk
841,Chicken
842,Beer
842,Bread
842,Chicken
843,Milk
843,Fish
843,Bread
843,Apples
843,Beer
844,Beer
844,Diaper
845,Cheese
845,Diaper
845,Bread
845,Apples
846,Beer
846,Eggs
846,Cheese
846,Bread
846,Cola
847,Fish
848,Cheese
848,Beer
849,Cheese
849,Milk
849,Beer
849,Bread
850,Milk
850,Chicken
851,Cheese
851,Bread
851,Eggs
851,Beer
852,Fish
853,Cheese
853,Cola
854,Chicken
855,Beer
855,Eggs
855,Diaper
855,Cola
855,Chicken
856,Fish
856,Cola
856,Chicken
857,Cola
857,Diaper
858,Bread
858,Cola
858,Fish
858,Milk
859,Bread
859,Chicken
860,Diaper
860,Cheese
860,Milk
860,Eggs
861,Diaper
861,Eggs
862,Chicken
862,Apples
862,Beer
862,Bread
863,Cola
863,Apples
863,Eggs
864,Eggs
865,Fish
865,Beer
865,Chicken
865,Apples
866,Diaper
866,Cola
866,Cheese
866,Bread
866,Eggs
867,Beer
868,Chicken
868,Cheese
869,Cola
869,Diaper
870,Cola
870,Diaper
870,Bread
870,Fish
870,Chicken
871,Diaper
871,Chicken
871,Apples
871,Beer
871,Bread
872,Eggs
872,Fish
872,Beer
873,Bread
873,Milk
873,Eggs
874,Diaper
874,Milk
875,Fish
875,Beer
875,Cola
875,Eggs
875,Bread
876,Cheese
876,Milk
876,Bread
877,Cheese
877,Fish
878,Beer
878,Cheese
878,Milk
878,Fish
879,Bread
879,Cheese
880,Milk
880,Cola
880,Apples
881,Beer
881,Bread
881,Eggs
881,Chicken
881,Apples
882,Diaper
882,Cheese
883,Beer
883,Fish
883,Cola
883,Chicken
883,Eggs
884,Beer
884,Diaper
884,Cola
884,Eggs
884,Chicken
885,Cola
885,Cheese
886,Milk
886,Cola
886,Beer
886,Diaper
886,Bread
887,Diaper
887,Fish
887,Beer
888,Diaper
888,Chicken
888,Eggs
888,Cola
888,Milk
889,Milk
889,Beer
890,Chicken
891,Chicken
891,Bread
891,Cheese
892,Milk
892,Apples
892,Cheese
892,Eggs
893,Chicken
893,Cola
893,Fish
893,Apples
893,Milk
894,Cola
894,Milk
894,Fish
895,Cheese
895,Eggs
895,Beer
896,Beer
897,Fish
897,Eggs
897,Cola
897,Chicken
898,Bread
898,Beer
899,Fish
899,Eggs
899,Beer
900,Cola
901,Eggs
901,Bread
902,Eggs
902,Beer
902,Diaper
902,Cola
903,Bread
904,Beer
904,Chicken
904,Fish
904,Diaper
905,Chicken
905,Diaper
905,Bread
905,Fish
906,Chicken
906,Eggs
906,Milk
906,Diaper
907,Milk
907,Eggs
907,Diaper
907,Beer
908,Diaper
908,Chicken
909,Milk
909,Apples
910,Bread
910,Diaper
910,Beer
910,Fish
910,Chicken
911,Apples
912,Beer
913,Cheese
913,Fish
913,Apples
914,Fish
914,Eggs
914,Cola
914,Beer
914,Bread
915,Cheese
915,Chicken
915,Fish
916,Diaper
916,Eggs
916,Chicken
917,Diaper
917,Beer
917,Apples
917,Bread
918,Cola
918,Milk
918,Beer
918,Diaper
918,Cheese
919,Cheese
919,Fish
919,Chicken
919,Diaper
919,Cola
920,Apples
921,Bread
921,Milk
921,Cheese
921,Chicken
922,Bread
922,Apples
922,Cola
923,Milk
923,Apples
923,Chicken
923,Eggs
923,Cheese
924,Milk
924,Cola
924,Beer
924,Chicken
925,Milk
925,Diaper
926,Bread
926,Cola
926,Milk
927,Chicken
927,Milk
927,Apples
927,Beer
928,Milk
928,Diaper
928,Fish
928,Eggs
929,Chicken
930,Cola
930,Eggs
930,Fish
931,Diaper
931,Fish
932,Fish
932,Milk
932,Apples
933,Fish
933,Diaper
933,Cheese
934,Apples
934,Milk
934,Beer
934,Eggs
935,Chicken
935,Diaper
935,Milk
935,Cola
936,Diaper
936,Fish
936,Apples
936,Cheese
937,Milk
937,Diaper
937,Chicken
937,Bread
938,Apples
938,Milk
939,Bread
939,Milk
940,Cola
940,Eggs
940,Apples
940,Beer
940,Milk
941,Bread
942,Milk
942,Bread
942,Eggs
943,Cheese
944,Milk
944,Fish
945,Eggs
946,Cola
946,Bread
946,Eggs
946,Beer
947,Eggs
947,Cola
947,Diaper
947,Beer
947,Fish
948,Apples
948,Fish
949,Cola
949,Apples
950,Eggs
950,Fish
950,Diaper
950,Cola
950,Milk
951,Diaper
951,Bread
951,Cheese
951,Apples
952,Bread
952,Cheese
952,Beer
952,Fish
952,Apples
953,Cola
953,Eggs
954,Milk
955,Bread
956,Fish
956,Bread
956,Milk
956,Diaper
957,Cola
957,Fish
957,Milk
957,Beer
957,Eggs
958,Eggs
958,Diaper
959,Cola
959,Diaper
959,Fish
959,Eggs
959,Apples
960,Beer
960,Milk
960,Eggs
961,Beer
961,Cola
961,Milk
961,Bread
961,Chicken
962,Cola
962,Fish
962,Apples
962,Diaper
962,Beer
963,Fish
964,Eggs
964,Apples
964,Fish
964,Cheese
964,Cola
965,Eggs
965,Diaper
966,Chicken
966,Fish
967,Chicken
968,Fish
968,Chicken
968,Apples
968,Diaper
968,Bread
969,Milk
969,Apples
969,Fish
970,Diaper
971,Apples
972,Milk
972,Cheese
972,Eggs
973,Cola
973,Apples
973,Fish
974,Apples
975,Apples
975,Milk
976,Bread
977,Diaper
977,Beer
977,Eggs
977,Cola
978,Bread
979,Fish
979,Chicken
979,Eggs
980,Cola
980,Chicken
980,Beer
980,Eggs
980,Apples
981,Chicken
981,Bread
982,Beer
982,Chicken
982,Cheese
982,Fish
982,Apples
983,Apples
983,Fish
983,Milk
984,Eggs
984,Cola
984,Beer
984,Bread
984,Diaper
985,Cheese
985,Bread
985,Diaper
985,Eggs
986,Chicken
987,Milk
987,Diaper
987,Apples
987,Chicken
987,Beer
988,Fish
988,Diaper
988,Apples
988,Chicken
988,Beer
989,Bread
989,Apples
989,Diaper
989,Cheese
990,Apples
990,Diaper
990,Chicken
991,Cheese
992,Bread
992,Cheese
992,Fish
993,Apples
994,Cheese
994,Cola
995,Cheese
995,Diaper
995,Cola
995,Beer
995,Fish
996,Cheese
996,Beer
997,Cola
997,Milk
997,Cheese
997,Chicken
998,Diaper
998,Chicken
998,Eggs
998,Apples
999,Beer
999,Milk
999,Apples
999,Cola
999,Chicken
1000,Chicken
1000,Cola
1000,Apples
1001,Eggs
1001,Milk
1002,Apples
1002,Eggs
1003,Diaper
1003,Cola
1003,Milk
1003,Bread
1003,Apples
1004,Cheese
1005,Apples
1005,Chicken
1006,Cheese
1006,Apples
1006,Diaper
1006,Fish
1006,Beer
1007,Fish
1007,Beer
1007,Chicken
1007,Cheese
1008,Chicken
1008,Diaper
1008,Beer
1008,Cola
1009,Diaper
1009,Cheese
1009,Cola
1009,Fish
1010,Bread
1011,Diaper
1011,Apples
1011,Beer
1012,Chicken
1012,Diaper
1012,Eggs
1012,Milk
1013,Eggs
1013,Beer
1014,Chicken
1014,Eggs
1014,Cheese
1014,Diaper
1014,Beer
1015,Chicken
1016,Eggs
1016,Chicken
1017,Diaper
1017,Eggs
1017,Milk
1017,Cheese
1017,Chicken
1018,Beer
1018,Cheese
1018,Fish
1018,Milk
1019,Beer
1019,Chicken
1020,Apples
1020,Cola
1021,Bread
1021,Apples
1022,Chicken
1022,Eggs
1022,Apples
1022,Beer
1023,Eggs
1023,Beer
1023,Apples
1024,Eggs
1025,Milk
1026,Diaper
1026,Eggs
1027,Apples
1027,Beer
1027,Milk
1027,Fish
1027,Cheese
1028,Cheese
1028,Diaper
1028,Apples
1028,Fish
1029,Milk
1030,Cheese
1031,Fish
1031,Beer
1031,Apples
1032,Chicken
1032,Eggs
1032,Cheese
1032,Diaper
1032,Cola
1033,Apples
1033,Cheese
1033,Beer
1033,Cola
1033,Fish
1034,Cheese
1034,Apples
1035,Apples
1035,Cola
1035,Beer
1036,Cola
1036,Fish
1036,Diaper
1036,Chicken
1036,Milk
1037,Fish
1037,Cheese
1038,Chicken
1038,Cola
1038,Bread
1039,Milk
1039,Bread
1039,Cheese
1039,Fish
1039,Chicken
1040,Bread
1040,Apples
1040,Eggs
1040,Milk
1041,Cheese
1041,Milk
1041,Apples
1041,Diaper
1042,Beer
1042,Diaper
1042,Milk
1042,Cheese
1042,Fish
1043,Apples
1043,Chicken
1043,Diaper
1043,Bread
1043,Cola
1044,Apples
1044,Cheese
1045,Beer
1045,Apples
1045,Bread
1046,Beer
1046,Fish
1046,Diaper
1047,Bread
1047,Cola
1047,Cheese
1047,Diaper
1048,Fish
1049,Beer
1050,Cola
1050,Fish
1050,Cheese
1050,Bread
1050,Apples
1051,Bread
1051,Beer
1052,Bread
1053,Fish
1053,Apples
1053,Eggs
1053,Chicken
1054,Chicken
1054,Bread
1054,Milk
1055,Fish
1055,Eggs
1055,Chicken
1055,Beer
1056,Eggs
1056,Cola
1056,Cheese
1057,Apples
1057,Diaper
1057,Fish
1057,Eggs
1057,Chicken
1058,Apples
1059,Cheese
1059,Apples
1059,Eggs
1059,Beer
1059,Bread
1060,Diaper
1061,Beer
1061,Eggs
1061,Milk
1062,Diaper
1062,Chicken
1062,Fish
1062,Milk
1063,Fish
1064,Beer
1064,Cola
1064,Cheese
1065,Eggs
1066,Cola
1066,Diaper
1066,Apples
1066,Chicken
1066,Beer
1067,Cola
1067,Diaper
1068,Beer
1068,Eggs
1068,Milk
1068,Fish
1068,Chicken
1069,Eggs
1069,Apples
1069,Diaper
1069,Fish
1069,Cola
1070,Cheese
1070,Beer
1070,Milk
1070,Cola
1070,Fish
1071,Milk
1072,Beer
1072,Eggs
1073,Eggs
1074,Fish
1074,Eggs
1074,Apples
1074,Chicken
1075,Chicken
1075,Diaper
1075,Apples
1076,Chicken
1076,Eggs
1076,Beer
1076,Bread
1077,Beer
1077,Milk
1078,Eggs
1078,Diaper
1078,Cheese
1078,Milk
1079,Chicken
1079,Eggs
1079,Apples
1080,Eggs
1080,Beer
1081,Milk
1081,Apples
1081,Beer
1081,Chicken
1082,Bread
1082,Chicken
1083,Eggs
1083,Diaper
1083,Fish
1084,Bread
1085,Diaper
1085,Cheese
1085,Fish
1085,Chicken
1085,Bread
1086,Fish
1086,Chicken
1087,Cola
1087,Milk
1088,Apples
1088,Bread
1088,Diaper
1089,Eggs
1089,Diaper
1089,Chicken
1090,Fish
1090,Bread
1090,Beer
1091,Milk
1091,Diaper
1091,Fish
1091,Cheese
1092,Beer
1093,Bread
1093,Diaper
1093,Beer
1093,Fish
1094,Diaper
1095,Eggs
1095,Cola
1096,Diaper
1097,Cheese
1097,Cola
1097,Eggs
1097,Apples
1098,Fish
1098,Cheese
1098,Bread
1098,Eggs
1098,Cola
1099,Diaper
1099,Cola
1100,Cheese
1100,Milk
1100,Fish
1100,Beer
1101,Milk
1102,Chicken
1102,Eggs
1102,Bread
1103,Bread
1104,Cheese
1104,Eggs
1104,Fish
1104,Chicken
1104,Apples
1105,Chicken
1106,Bread
1106,Beer
1107,Cheese
1107,Fish
1107,Beer
1108,Chicken
1108,Eggs
1108,Apples
1109,Beer
1109,Cola
1109,Eggs
1109,Apples
1109,Milk
1110,Apples
1110,Eggs
1110,Beer
1110,Chicken
1110,Cheese
1111,Milk
1112,Cola
1112,Eggs
1112,Diaper
1113,Cheese
1113,Apples
1113,Eggs
1113,Chicken
1114,Diaper
1115,Chicken
1115,Eggs
1115,Apples
1116,Eggs
1116,Cheese
1117,Fish
1117,Bread
1117,Chicken
1118,Apples
1118,Cola
1119,Chicken
1119,Bread
1119,Milk
1119,Eggs
1119,Diaper
1120,Chicken
1121,Cheese
1121,Chicken
1121,Fish
1122,Bread
1123,Eggs
1124,Cheese
1124,Chicken
1124,Apples
1124,Fish
1125,Cheese
1125,Bread
1125,Fish
1125,Milk
1125,Apples
1126,Diaper
1126,Apples
1126,Beer
1126,Eggs
1127,Eggs
1127,Diaper
1127,Apples
1127,Fish
1128,Chicken
1128,Diaper
1129,Diaper
1129,Cola
1130,Cheese
1131,Eggs
1131,Beer
1131,Apples
1131,Cheese
1131,Cola
1132,Bread
1132,Chicken
1132,Cola
1132,Beer
1132,Milk
1133,Fish
1133,Beer
1133,Diaper
1133,Bread
1134,Diaper
1134,Chicken
1134,Cheese
1134,Beer
1135,Cola
1135,Chicken
1135,Milk
1135,Apples
1136,Chicken
1136,Apples
1136,Cheese
1136,Eggs
1136,Bread
1137,Eggs
1137,Bread
1137,Fish
1137,Diaper
1137,Beer
1138,Cola
1138,Chicken
1138,Apples
1138,Fish
1139,Bread
1139,Cheese
1139,Apples
1140,Eggs
1141,Beer
1142,Cheese
1142,Eggs
1142,Beer
1142,Fish
1142,Cola
1143,Eggs
1143,Chicken
1144,Fish
1145,Cheese
1145,Bread
1145,Eggs
1145,Beer
1146,Cola
1147,Eggs
1147,Chicken
1148,Apples
1148,Fish
1148,Beer
1149,Beer
1149,Diaper
1149,Apples
1150,Diaper
1151,Bread
1151,Fish
1151,Apples
1152,Diaper
1152,Beer
1152,Bread
1152,Milk
1152,Eggs
1153,Cheese
1154,Eggs
1154,Diaper
1154,Fish
1155,Bread
1156,Fish
1156,Diaper
1157,Bread
1157,Cola
1157,Fish
1158,Diaper
1158,Chicken
1159,Cola
1159,Milk
1159,Chicken
1159,Bread
1160,Apples
1161,Beer
1161,Milk
1161,Apples
1162,Apples
1162,Cola
1162,Beer
1162,Fish
1162,Milk
1163,Fish
1163,Apples
1163,Cheese
1163,Cola
1164,Fish
1164,Milk
1164,Bread
1164,Cheese
1164,Apples
1165,Cola
1165,Diaper
1165,Chicken
1166,Eggs
1167,Milk
1167,Chicken
1168,Eggs
1168,Cola
1168,Beer
1168,Chicken
1168,Diaper
1169,Beer
1169,Fish
1169,Apples
1169,Cheese
1169,Diaper
1170,Fish
1170,Beer
1170,Milk
1170,Apples
1170,Eggs
1171,Bread
1171,Apples
1171,Beer
1171,Milk
1172,Cheese
1172,Cola
1172,Fish
1173,Cola
1173,Bread
1173,Diaper
1173,Fish
1174,Milk
1174,Diaper
1174,Chicken
1174,Bread
1174,Eggs
1175,Cola
1175,Eggs
1175,Chicken
1176,Beer
1176,Fish
1176,Apples
1176,Chicken
1176,Eggs
1177,Beer
1177,Milk
1178,Diaper
1178,Chicken
1178,Cola
1178,Eggs
1178,Cheese
1179,Fish
1180,Eggs
1180,Milk
1180,Beer
1180,Fish
1180,Apples
1181,Cheese
1181,Chicken
1181,Diaper
1181,Cola
1181,Apples
1182,Beer
1182,Fish
1182,Apples
1182,Chicken
1182,Eggs
1183,Milk
1183,Diaper
1184,Cola
1185,Chicken
1185,Diaper
1185,Cola
1185,Apples
1185,Cheese
1186,Fish
1186,Cheese
1186,Eggs
1187,Apples
1187,Fish
1187,Beer
1188,Bread
1188,Apples
1188,Fish
1188,Chicken
1189,Bread
1189,Eggs
1189,Cheese
1189,Fish
1190,Bread
1191,Eggs
1192,Cola
1192,Bread
1192,Apples
1192,Chicken
1193,Bread
1193,Apples
1193,Diaper
1194,Fish
1194,Bread
1194,Beer
1194,Apples
1195,Diaper
1195,Bread
1196,Milk
1196,Eggs
1196,Fish
1196,Chicken
1197,Cola
1197,Milk
1197,Chicken
1198,Bread
1198,Eggs
1198,Diaper
1198,Milk
1199,Cheese
1199,Beer
1199,Chicken
1199,Milk
1199,Eggs
1200,Diaper
1200,Bread
1200,Beer
1201,Chicken
1201,Milk
1201,Bread
1201,Beer
1201,Apples
1202,Fish
1202,Bread
1202,Apples
1202,Beer
1202,Cheese
1203,Cola
1203,Chicken
1204,Beer
1204,Cheese
1204,Eggs
1204,Chicken
1205,Apples
1205,Eggs
1205,Cola
1205,Milk
1206,Fish
1207,Apples
1207,Eggs
1208,Cheese
1208,Milk
1209,Milk
1209,Beer
1210,Chicken
1210,Cola
1211,Bread
1212,Cheese
1212,Chicken
1212,Fish
1212,Bread
1213,Chicken
1213,Bread
1213,Fish
1213,Milk
1214,Eggs
1214,Apples
1214,Cola
1215,Eggs
1215,Beer
1216,Chicken
1216,Eggs
1217,Fish
1217,Apples
1217,Cola
1217,Beer
1218,Fish
1218,Milk
1218,Chicken
1218,Apples
1218,Cheese
1219,Chicken
1219,Cola
1219,Apples
1219,Eggs
1220,Eggs
1220,Fish
1220,Cola
1221,Cola
1221,Fish
1221,Cheese
1221,Chicken
1221,Beer
1222,Cheese
1223,Cheese
1223,Eggs
1223,Chicken
1223,Milk
1224,Bread
1224,Cheese
1224,Milk
1224,Fish
1224,Diaper
1225,Beer
1225,Fish
1225,Chicken
1225,Cola
1225,Milk
1226,Milk
1226,Eggs
1226,Cheese
1227,Eggs
1227,Milk
1227,Cola
1228,Beer
1228,Cola
1228,Apples
1229,Cola
1229,Fish
1229,Apples
1230,Bread
1230,Cola
1230,Beer
1230,Cheese
1231,Apples
1232,Diaper
1232,Chicken
1232,Beer
1232,Fish
1233,Cheese
1233,Cola
1233,Beer
1233,Fish
1233,Bread
1234,Eggs
1234,Beer
1234,Cola
1234,Diaper
1234,Bread
1235,Diaper
1235,Bread
1235,Milk
1235,Eggs
1236,Fish
1236,Eggs
1236,Milk
1236,Chicken
1237,Beer
1237,Chicken
1237,Apples
1237,Fish
1237,Milk
1238,Diaper
1238,Bread
1239,Apples
1239,Chicken
1239,Fish
1239,Cheese
1239,Milk
1240,Bread
1240,Milk
1241,Cola
1241,Diaper
1241,Chicken
1241,Eggs
1242,Apples
1243,Eggs
1243,Fish
1243,Bread
1244,Apples
1244,Eggs
1244,Chicken
1245,Cola
1245,Milk
1246,Eggs
1246,Diaper
1246,Milk
1246,Fish
1247,Chicken
1247,Fish
1247,Beer
1247,Milk
1247,Cheese
1248,Chicken
1248,Diaper
1249,Cola
1249,Milk
1249,Beer
1250,Cola
1250,Cheese
1251,Apples
1251,Diaper
1251,Fish
1252,Apples
1252,Diaper
1252,Milk
1252,Bread
1252,Fish
1253,Cheese
1253,Cola
1254,Chicken
1254,Bread
1254,Diaper
1255,Diaper
1255,Eggs
1255,Cheese
1255,Apples
1256,Cheese
1256,Bread
1256,Beer
1257,Diaper
1257,Chicken
1257,Milk
1257,Apples
1258,Fish
1259,Chicken
1259,Milk
1260,Cola
1260,Eggs
1260,Fish
1261,Bread
1261,Milk
1261,Beer
1261,Chicken
1262,Apples
1262,Cheese
1262,Bread
1263,Diaper
1263,Fish
1263,Bread
1263,Milk
1263,Chicken
1264,Fish
1264,Bread
1264,Apples
1264,Cola
1265,Cola
1265,Bread
1266,Cheese
1266,Fish
1266,Milk
1266,Cola
1267,Bread
1268,Diaper
1268,Cheese
1268,Eggs
1268,Chicken
1269,Apples
1270,Eggs
1270,Beer
1271,Beer
1271,Milk
1271,Fish
1272,Cheese
1272,Fish
1272,Milk
1272,Eggs
1273,Apples
1273,Bread
1273,Diaper
1273,Fish
1273,Milk
1274,Diaper
1274,Fish
1274,Eggs
1274,Beer
1274,Bread
1275,Apples
1276,Bread
1276,Fish
1276,Cola
1276,Eggs
1276,Beer
1277,Fish
1277,Diaper
1278,Eggs
1278,Chicken
1278,Milk
1278,Beer
1278,Cola
1279,Chicken
1279,Milk
1279,Apples
1279,Fish
1279,Eggs
1280,Fish
1280,Beer
1280,Apples
1280,Diaper
1280,Milk
1281,Bread
1281,Beer
1281,Eggs
1281,Milk
1281,Diaper
1282,Diaper
1282,Eggs
1282,Chicken
1282,Milk
1282,Cheese
1283,Bread
1283,Cola
1283,Diaper
1284,Apples
1284,Chicken
1284,Diaper
1284,Fish
1284,Beer
1285,Bread
1285,Apples
1285,Diaper
1285,Eggs
1286,Eggs
1286,Bread
1286,Cheese
1286,Fish
1286,Milk
1287,Beer
1287,Cheese
1287,Chicken
1287,Milk
1288,Chicken
1288,Eggs
1288,Milk
1288,Cola
1288,Diaper
1289,Chicken
1290,Bread
1290,Cheese
1290,Chicken
1291,Beer
1291,Cheese
1291,Bread
1291,Cola
1291,Diaper
1292,Cola
1292,Bread
1293,Eggs
1293,Beer
1293,Diaper
1293,Apples
1294,Bread
1294,Chicken
1294,Cheese
1294,Eggs
1295,Diaper
1295,Eggs
1295,Cheese
1296,Beer
1296,Cheese
1296,Diaper
1297,Bread
1297,Apples
1297,Eggs
1298,Fish
1298,Diaper
1299,Cheese
1299,Chicken
1299,Apples
1299,Eggs
1300,Beer
1300,Apples
1301,Milk
1301,Chicken
1302,Cola
1302,Eggs
1302,Milk
1302,Beer
1303,Bread
1303,Milk
1303,Chicken
1304,Fish
1304,Apples
1305,Cheese
1306,Beer
1306,Diaper
1306,Cola
1306,Bread
1307,Milk
1307,Diaper
1307,Fish
1308,Fish
1308,Bread
1308,Cola
1308,Eggs
1308,Beer
1309,Cheese
1310,Eggs
1310,Cola
1310,Chicken
1310,Apples
1311,Cola
1311,Diaper
1312,Beer
1312,Apples
1312,Fish
1312,Milk
1312,Bread
1313,Cheese
1314,Apples
1314,Chicken
1314,Cheese
1314,Bread
1315,Beer
1315,Fish
1315,Diaper
1315,Bread
1316,Diaper
1316,Beer
1316,Bread
1316,Cheese
1317,Milk
1318,Chicken
1318,Fish
1318,Bread
1318,Diaper
1318,Beer
1319,Apples
1319,Milk
1319,Eggs
1319,Bread
1320,Cheese
1320,Apples
1320,Fish
1320,Beer
1320,Bread
1321,Apples
1321,Fish
1322,Cheese
1322,Chicken
1322,Apples
1322,Diaper
1323,Bread
1323,Fish
1323,Eggs
1323,Diaper
1324,Milk
1324,Cola
1324,Diaper
1324,Beer
1324,Bread
1325,Fish
1325,Bread
1325,Apples
1325,Cheese
1325,Beer
1326,Diaper
1326,Bread
1327,Diaper
1327,Chicken
1327,Cheese
1327,Fish
1327,Apples
1328,Diaper
1328,Chicken
1328,Beer
1329,Chicken
1329,Bread
1329,Apples
1329,Diaper
1329,Cola
1330,Apples
1331,Eggs
1331,Milk
1331,Fish
1332,Diaper
1332,Beer
1332,Cheese
1333,Cola
1333,Cheese
1333,Bread
1333,Diaper
1334,Bread
1334,Apples
1334,Cola
1335,Cheese
1335,Milk
1335,Apples
1335,Chicken
1336,Milk
1336,Beer
1336,Cola
1337,Eggs
1337,Bread
1338,Apples
1339,Diaper
1340,Cheese
1341,Fish
1341,Chicken
1341,Cheese
1341,Diaper
1341,Bread
1342,Milk
1342,Apples
1342,Diaper
1342,Cheese
1342,Chicken
1343,Bread
1343,Diaper
1343,Beer
1343,Eggs
1344,Bread
1344,Diaper
1344,Eggs
1345,Bread
1345,Fish
1345,Milk
1345,Diaper
1346,Beer
1346,Fish
1347,Bread
1347,Diaper
1347,Eggs
1347,Milk
1347,Cola
1348,Chicken
1348,Diaper
1348,Eggs
1348,Milk
1348,Fish
1349,Bread
1349,Cola
1350,Bread
1351,Beer
1351,Chicken
1351,Bread
1352,Fish
1352,Cola
1352,Milk
1353,Milk
1353,Diaper
1353,Apples
1353,Beer
1354,Diaper
1354,Apples
1354,Cheese
1355,Fish
1355,Diaper
1356,Milk
1356,Apples
1357,Fish
1358,Fish
1358,Milk
1358,Diaper
1358,Beer
1359,Fish
1360,Beer
1360,Chicken
1361,Bread
1361,Milk
1362,Cheese
1362,Diaper
1362,Chicken
1362,Beer
1363,Milk
1363,Cheese
1363,Cola
1363,Fish
1364,Diaper
1364,Bread
1365,Apples
1365,Bread
1366,Eggs
1366,Beer
1366,Apples
1366,Diaper
1367,Diaper
1367,Bread
1367,Cola
1368,Fish
1368,Beer
1368,Eggs
1368,Chicken
1369,Milk
1369,Cheese
1369,Eggs
1369,Beer
1370,Eggs
1371,Cheese
1371,Apples
1371,Eggs
1371,Bread
1372,Cheese
1373,Beer
1374,Cheese
1374,Fish
1374,Eggs
1374,Bread
1374,Apples
1375,Apples
1375,Beer
1375,Cola
1375,Eggs
1375,Bread
1376,Eggs
1376,Bread
1376,Diaper
1377,Milk
1377,Bread
1378,Cola
1379,Fish
1379,Cheese
1380,Milk
1380,Beer
1380,Bread
1380,Cola
1380,Cheese
1381,Eggs
1381,Cheese
1381,Fish
1381,Bread
1381,Chicken
1382,Chicken
1382,Cheese
1382,Cola
1383,Bread
1383,Milk
1383,Cola
1384,Cola
1384,Chicken
1384,Apples
1384,Milk
1385,Bread
1385,Cheese
1385,Chicken
1385,Fish
1386,Cola
1386,Chicken
1386,Bread
1386,Fish
1387,Bread
1387,Cola
1387,Cheese
1387,Beer
1387,Eggs
1388,Diaper
1388,Apples
1389,Diaper
1389,Fish
1389,Bread
1389,Apples
1390,Diaper
1391,Diaper
1391,Fish
1391,Beer
1391,Cheese
1392,Chicken
1392,Bread
1392,Cheese
1393,Fish
1393,Apples
1394,Chicken
1394,Apples
1394,Eggs
1395,Apples
1395,Milk
1395,Chicken
1396,Chicken
1397,Diaper
1398,Eggs
1398,Beer
1398,Apples
1398,Cola
1399,Cheese
1399,Beer
1399,Cola
1399,Apples
1399,Milk
1400,Apples
1401,Milk
1401,Cheese
1401,Cola
1401,Eggs
1401,Bread
1402,Milk
1402,Fish
1402,Diaper
1402,Eggs
1402,Beer
1403,Fish
1403,Cheese
1403,Eggs
1403,Chicken
1404,Eggs
1405,Fish
1405,Eggs
1405,Bread
1405,Beer
1405,Diaper
1406,Cola
1407,Bread
1407,Diaper
1407,Beer
1407,Cola
1408,Cheese
1408,Cola
1408,Diaper
1408,Bread
1409,Beer
1409,Fish
1409,Milk
1409,Apples
1409,Cola
1410,Apples
1410,Eggs
1411,Chicken
1411,Fish
1412,Milk
1413,Chicken
1413,Diaper
1413,Apples
1413,Cheese
1414,Beer
1414,Bread
1414,Eggs
1415,Fish
1415,Diaper
1416,Diaper
1416,Milk
1416,Bread
1417,Apples
1417,Beer
1417,Bread
1417,Fish
1418,Eggs
1418,Cheese
1419,Bread
1420,Chicken
1420,Fish
1420,Beer
1420,Diaper
1420,Bread
1421,Apples
1421,Cheese
1421,Fish
1421,Milk
1421,Beer
1422,Fish
1422,Bread
1423,Cheese
1424,Diaper
1424,Milk
1425,Chicken
1426,Bread
1426,Cola
1426,Beer
1427,Cola
1427,Milk
1427,Diaper
1428,Eggs
1428,Beer
1429,Diaper
1429,Cheese
1430,Diaper
1430,Fish
1431,Cola
1431,Cheese
1431,Eggs
1431,Diaper
1432,Eggs
1433,Bread
1433,Beer
1434,Cheese
1434,Cola
1435,Fish
1435,Beer
1436,Cheese
1436,Bread
1437,Apples
1437,Beer
1437,Fish
1437,Diaper
1437,Chicken
1438,Chicken
1438,Fish
1438,Diaper
1439,Beer
1439,Cheese
1439,Diaper
1440,Milk
1440,Beer
1440,Bread
1440,Cheese
1440,Eggs
1441,Cheese
1442,Beer
1442,Milk
1443,Apples
1444,Eggs
1444,Diaper
1444,Bread
1445,Milk
1445,Eggs
1446,Fish
1446,Cheese
1446,Chicken
1447,Chicken
1448,Chicken
1448,Milk
1448,Diaper
1449,Eggs
1449,Diaper
1449,Chicken
1449,Apples
1450,Beer
1450,Cheese
1451,Chicken
1451,Milk
1451,Eggs
1452,Bread
1453,Beer
1453,Diaper
1453,Fish
1453,Chicken
1453,Cheese
1454,Apples
1454,Cheese
1455,Diaper
1455,Beer
1455,Milk
1455,Fish
1456,Milk
1456,Chicken
1456,Fish
1456,Bread
1457,Bread
1457,Milk
1457,Chicken
1458,Beer
1458,Bread
1458,Chicken
1458,Diaper
1458,Milk
1459,Milk
1459,Cola
1459,Eggs
1459,Chicken
1460,Beer
1461,Milk
1462,Chicken
1462,Fish
1463,Eggs
1463,Diaper
1463,Cheese
1463,Bread
1464,Apples
1464,Eggs
1464,Chicken
1464,Cheese
1465,Eggs
1466,Chicken
1467,Cheese
1467,Eggs
1467,Chicken
1467,Cola
1468,Cheese
1468,Cola
1468,Chicken
1468,Eggs
1468,Fish
1469,Eggs
1469,Apples
1470,Milk
1470,Bread
1470,Cheese
1470,Beer
1470,Fish
1471,Eggs
1471,Diaper
1472,Eggs
1472,Apples
1472,Bread
1472,Cola
1472,Diaper
1473,Bread
1473,Diaper
1473,Eggs
1473,Fish
1474,Chicken
1474,Cola
1474,Diaper
1475,Apples
1475,Diaper
1475,Beer
1475,Milk
1475,Fish
1476,Diaper
1477,Cola
1477,Cheese
1477,Apples
1477,Beer
1477,Fish
1478,Cola
1479,Milk
1479,Eggs
1479,Cheese
1479,Fish
1479,Beer
1480,Apples
1480,Eggs
1480,Milk
1480,Cola
1480,Cheese
1481,Eggs
1481,Cheese
1481,Bread
1481,Diaper
1481,Milk
1482,Beer
1482,Cheese
1482,Apples
1482,Milk
1483,Cola
1483,Fish
1483,Beer
1483,Bread
1484,Fish
1484,Diaper
1484,Eggs
1484,Beer
1485,Cheese
1486,Eggs
1486,Diaper
1486,Fish
1486,Cola
1487,Eggs
1487,Bread
1487,Apples
1487,Diaper
1487,Cheese
1488,Chicken
1488,Cola
1489,Cola
1489,Fish
1489,Cheese
1489,Milk
1490,Eggs
1491,Milk
1491,Beer
1491,Diaper
1491,Chicken
1492,Eggs
1492,Chicken
1492,Fish
1493,Cola
1493,Eggs
1493,Bread
1494,Beer
1494,Cola
1494,Apples
1495,Diaper
1495,Chicken
1495,Beer
1495,Cola
1496,Milk
1496,Apples
1496,Beer
1496,Fish
1497,Cola
1498,Beer
1499,Eggs
1499,Fish
1500,Apples
1500,Chicken
1500,Beer
1500,Cheese
1501,Apples
1501,Chicken
1501,Bread
1501,Cheese
1502,Beer
1503,Bread
1503,Eggs
1503,Cheese
1503,Chicken
1504,Eggs
1504,Fish
1504,Milk
1504,Diaper
1505,Beer
1506,Apples
1506,Eggs
1506,Fish
1506,Milk
1506,Cola
1507,Cola
1507,Milk
1507,Apples
1507,Fish
1508,Cola
1509,Cola
1510,Cola
1511,Bread
1511,Cola
1511,Milk
1511,Diaper
1511,Apples
1512,Beer
1512,Cheese
1512,Chicken
1513,Cola
1513,Eggs
1513,Chicken
1514,Apples
1514,Fish
1514,Beer
1514,Cola
1515,Cheese
1515,Fish
1516,Cheese
1516,Diaper
1516,Cola
1516,Milk
1517,Chicken
1517,Cola
1517,Fish
1517,Cheese
1517,Eggs
1518,Apples
1518,Milk
1518,Diaper
1518,Bread
1518,Cheese
1519,Cheese
1520,Cola
1521,Milk
1522,Chicken
1522,Eggs
1523,Eggs
1523,Diaper
1523,Cheese
1523,Beer
1524,Bread
1524,Milk
1524,Fish
1524,Eggs
1525,Eggs
1525,Cola
1526,Eggs
1527,Diaper
1527,Fish
1528,Apples
1528,Beer
1529,Apples
1530,Fish
1530,Cheese
1530,Bread
1531,Milk
1532,Apples
1533,Diaper
1533,Fish
1533,Apples
1533,Cheese
1533,Eggs
1534,Chicken
1534,Bread
1534,Diaper
1535,Chicken
1535,Apples
1535,Fish
1535,Eggs
1536,Beer
1536,Eggs
1536,Cheese
1537,Cheese
1537,Chicken
1537,Diaper
1537,Fish
1538,Diaper
1539,Beer
1539,Bread
1539,Cola
1539,Milk
1540,Eggs
1540,Fish
1541,Fish
1541,Beer
1541,Cola
1542,Beer
1542,Fish
1543,Beer
1543,Diaper
1544,Beer
1545,Cola
1545,Cheese
1545,Milk
1545,Fish
1546,Diaper
1546,Apples
1546,Milk
1546,Cola
1547,Diaper
1548,Bread
1548,Eggs
1549,Milk
1549,Cola
1549,Chicken
1549,Diaper
1549,Beer
1550,Beer
1550,Fish
1550,Cola
1551,Bread
1551,Cheese
1551,Chicken
1551,Apples
1552,Eggs
1552,Cola
1553,Bread
1554,Eggs
1555,Bread
1556,Chicken
1557,Diaper
1557,Apples
1557,Eggs
1557,Bread
1558,Chicken
1558,Milk
1558,Cola
1558,Bread
1559,Apples
1560,Chicken
1561,Cola
1561,Beer
1562,Chicken
1563,Apples
1563,Beer
1564,Milk
1564,Bread
1564,Beer
1564,Apples
1564,Diaper
1565,Beer
1566,Bread
1566,Cola
1566,Fish
1567,Beer
1568,Apples
1568,Cheese
1569,Chicken
1569,Fish
1569,Cheese
1570,Diaper
1571,Fish
1571,Beer
1571,Diaper
1571,Eggs
1571,Cola
1572,Fish
1573,Milk
1573,Cheese
1573,Fish
1574,Diaper
1574,Cheese
1574,Milk
1574,Chicken
1575,Beer
1575,Eggs
1575,Apples
1575,Cheese
1576,Cola
1576,Eggs
1576,Chicken
1576,Diaper
1577,Chicken
1577,Milk
1577,Bread
1577,Apples
1577,Beer
1578,Chicken
1578,Cola
1578,Eggs
1579,Fish
1579,Eggs
1580,Cheese
1581,Cola
1581,Bread
1581,Fish
1582,Eggs
1583,Beer
1583,Chicken
1583,Fish
1583,Cheese
1584,Diaper
1584,Milk
1584,Eggs
1584,Cheese
1585,Fish
1586,Cheese
1586,Chicken
1586,Bread
1587,Cola
1587,Diaper
1587,Eggs
1588,Beer
1588,Diaper
1588,Milk
1588,Apples
1589,Chicken
1589,Cola
1589,Apples
1590,Cola
1591,Eggs
1591,Beer
1591,Apples
1592,Diaper
1592,Milk
1592,Apples
1592,Cheese
1593,Beer
1593,Cola
1593,Diaper
1593,Chicken
1593,Milk
1594,Fish
1595,Bread
1595,Beer
1595,Cola
1595,Diaper
1596,Cheese
1597,Milk
1597,Fish
1598,Cola
1599,Chicken
1599,Cola
1599,Fish
1599,Beer
1599,Milk
1600,Apples
1600,Diaper
1600,Cola
1601,Diaper
1602,Fish
1602,Cheese
1602,Milk
1602,Eggs
1603,Chicken
1604,Bread
1605,Fish
1605,Chicken
1605,Eggs
1606,Diaper
1607,Cheese
1608,Bread
1608,Eggs
1608,Cheese
1608,Beer
1608,Diaper
1609,Apples
1610,Cheese
1610,Fish
1610,Bread
1610,Milk
1610,Beer
1611,Cheese
1611,Eggs
1612,Diaper
1612,Bread
1612,Fish
1612,Beer
1613,Fish
1613,Diaper
1613,Cheese
1614,Milk
1614,Apples
1615,Chicken
1615,Eggs
1615,Fish
1616,Milk
1616,Fish
1616,Bread
1616,Beer
1616,Apples
1617,Cola
1617,Fish
1617,Eggs
1617,Cheese
1618,Apples
1619,Chicken
1619,Cheese
1619,Beer
1619,Apples
1619,Milk
1620,Apples
1620,Eggs
1620,Cola
1620,Diaper
1620,Cheese
1621,Diaper
1621,Cola
1621,Beer
1621,Milk
1622,Beer
1622,Eggs
1622,Bread
1622,Milk
1622,Cheese
1623,Apples
1623,Chicken
1623,Cola
1623,Fish
1624,Milk
1624,Chicken
1624,Beer
1624,Eggs
1625,Beer
1626,Milk
1626,Fish
1626,Apples
1627,Eggs
1627,Cola
1627,Bread
1627,Milk
1628,Cheese
1628,Fish
1629,Eggs
1629,Beer
1630,Bread
1630,Milk
1630,Beer
1630,Diaper
1630,Eggs
1631,Milk
1631,Cola
1631,Apples
1631,Beer
1631,Diaper
1632,Diaper
1632,Cheese
1632,Milk
1632,Cola
1633,Beer
1634,Milk
1634,Fish
1634,Beer
1635,Beer
1635,Fish
1635,Cheese
1635,Chicken
1635,Bread
1636,Milk
1636,Beer
1636,Chicken
1637,Eggs
1638,Eggs
1638,Fish
1639,Cheese
1639,Milk
1639,Diaper
1640,Fish
1640,Cheese
1640,Apples
1641,Diaper
1641,Bread
1641,Cheese
1641,Fish
1642,Chicken
1642,Bread
1642,Beer
1642,Diaper
1643,Chicken
1644,Eggs
1644,Cheese
1644,Chicken
1645,Beer
1645,Cola
1645,Fish
1646,Chicken
1646,Beer
1647,Chicken
1647,Cola
1647,Diaper
1647,Milk
1647,Eggs
1648,Fish
1648,Cola
1648,Diaper
1648,Apples
1648,Eggs
1649,Chicken
1649,Apples
1649,Eggs
1649,Fish
1650,Chicken
1650,Milk
1650,Cola
1650,Bread
1651,Diaper
1652,Beer
1653,Diaper
1653,Cola
1653,Eggs
1653,Apples
1653,Beer
1654,Beer
1654,Eggs
1654,Chicken
1654,Diaper
1654,Fish
1655,Cola
1655,Milk
1655,Fish
1655,Eggs
1655,Apples
1656,Cheese
1656,Bread
1656,Apples
1656,Fish
1656,Beer
1657,Apples
1657,Diaper
1657,Bread
1658,Milk
1658,Fish
1658,Bread
1659,Bread
1659,Beer
1659,Apples
1659,Cola
1660,Eggs
1660,Cola
1660,Cheese
1661,Bread
1661,Diaper
1661,Cheese
1661,Apples
1662,Eggs
1662,Chicken
1662,Milk
1662,Bread
1663,Chicken
1664,Milk
1664,Beer
1664,Apples
1664,Diaper
1665,Fish
1665,Eggs
1665,Diaper
1665,Beer
1666,Eggs
1667,Chicken
1667,Cola
1667,Apples
1668,Eggs
1669,Fish
1669,Bread
1669,Eggs
1669,Milk
1670,Chicken
1670,Milk
1670,Diaper
1671,Cola
1671,Apples
1672,Milk
1673,Beer
1673,Fish
1673,Cheese
1673,Diaper
1674,Cheese
1675,Cheese
1675,Eggs
1675,Beer
1675,Fish
1675,Diaper
1676,Fish
1676,Cola
1677,Bread
1677,Beer
1677,Eggs
1677,Chicken
1677,Diaper
1678,Beer
1678,Cola
1678,Milk
1678,Fish
1678,Cheese
1679,Milk
1679,Fish
1679,Beer
1679,Bread
1680,Diaper
1681,Bread
1681,Apples
1681,Beer
1682,Milk
1682,Apples
1682,Diaper
1682,Beer
1683,Eggs
1683,Milk
1683,Chicken
1684,Diaper
1684,Milk
1684,Cola
1684,Apples
1685,Chicken
1685,Fish
1685,Milk
1685,Beer
1686,Cola
1686,Diaper
1687,Cheese
1687,Cola
1687,Fish
1687,Milk
1688,Beer
1688,Eggs
1688,Milk
1688,Diaper
1689,Eggs
1689,Fish
1689,Bread
1690,Eggs
1690,Chicken
1691,Bread
1692,Milk
1692,Beer
1692,Eggs
1692,Cola
1693,Cola
1693,Cheese
1693,Bread
1693,Fish
1694,Cheese
1694,Apples
1694,Diaper
1694,Fish
1694,Beer
1695,Milk
1695,Beer
1695,Cola
1696,Beer
1696,Chicken
1696,Cola
1696,Bread
1697,Beer
1698,Fish
1698,Cheese
1698,Bread
1698,Apples
1699,Beer
1699,Cola
1700,Cola
1700,Chicken
1700,Cheese
1700,Milk
1700,Diaper
1701,Apples
1701,Chicken
1701,Milk
1701,Cola
1701,Diaper
1702,Apples
1703,Chicken
1703,Diaper
1704,Bread
1704,Beer
1704,Diaper
1704,Cola
1705,Chicken
1706,Apples
1706,Fish
1706,Diaper
1706,Beer
1707,Eggs
1707,Diaper
1707,Fish
1707,Chicken
1707,Bread
1708,Chicken
1708,Apples
1709,Bread
1709,Eggs
1709,Cheese
1710,Chicken
1710,Diaper
1710,Apples
1710,Eggs
1710,Beer
1711,Diaper
1711,Apples
1711,Cola
1711,Eggs
1712,Apples
1712,Beer
1713,Diaper
1713,Cheese
1713,Eggs
1713,Bread
1713,Apples
1714,Milk
1715,Apples
1715,Chicken
1715,Diaper
1715,Eggs
1715,Bread
1716,Chicken
1717,Apples
1717,Diaper
1717,Cola
1717,Cheese
1718,Milk
1718,Apples
1718,Chicken
1719,Chicken
1719,Eggs
1719,Diaper
1720,Fish
1720,Cheese
1721,Apples
1722,Cola
1722,Eggs
1723,Cheese
1723,Eggs
1724,Eggs
1725,Fish
1726,Cheese
1726,Milk
1726,Chicken
1726,Bread
1726,Cola
1727,Chicken
1727,Apples
1727,Beer
1727,Fish
1728,Diaper
1728,Milk
1728,Chicken
1729,Beer
1729,Milk
1729,Eggs
1729,Bread
1730,Apples
1730,Milk
1730,Diaper
1730,Bread
1731,Cola
1731,Fish
1731,Chicken
1731,Eggs
1731,Milk
1732,Eggs
1732,Beer
1732,Cola
1732,Milk
1732,Cheese
1733,Milk
1733,Beer
1733,Bread
1733,Chicken
1733,Cola
1734,Apples
1734,Milk
1735,Milk
1736,Apples
1737,Chicken
1737,Diaper
1737,Apples
1737,Cheese
1738,Diaper
1738,Cola
1738,Apples
1739,Fish
1740,Fish
1740,Bread
1740,Chicken
1740,Diaper
1740,Eggs
1741,Milk
1741,Chicken
1741,Diaper
1742,Bread
1742,Chicken
1742,Beer
1742,Cheese
1743,Beer
1744,Chicken
1745,Cola
1746,Bread
1746,Apples
1746,Eggs
1746,Fish
1746,Diaper
1747,Apples
1747,Chicken
1747,Beer
1748,Apples
1748,Eggs
1749,Beer
1749,Diaper
1749,Eggs
1749,Chicken
1750,Cola
1750,Eggs
1750,Fish
1750,Milk
1750,Cheese
1751,Chicken
1751,Cola
1751,Fish
1751,Cheese
1751,Beer
1752,Eggs
1752,Chicken
1752,Milk
1752,Cheese
1752,Apples
1753,Bread
1753,Cheese
1753,Cola
1753,Chicken
1753,Beer
1754,Bread
1754,Diaper
1755,Cola
1756,Beer
1756,Cola
1756,Eggs
1757,Apples
1757,Fish
1757,Diaper
1757,Beer
1758,Cheese
1758,Milk
1759,Diaper
1760,Bread
1760,Chicken
1760,Cheese
1760,Cola
1761,Eggs
1762,Apples
1762,Bread
1762,Chicken
1762,Milk
1762,Fish
1763,Milk
1763,Bread
1763,Diaper
1764,Diaper
1764,Apples
1764,Bread
1764,Milk
1764,Eggs
1765,Milk
1765,Eggs
1765,Diaper
1765,Beer
1766,Cola
1766,Milk
1767,Cola
1768,Cheese
1768,Apples
1768,Fish
1769,Bread
1769,Fish
1769,Cheese
1769,Cola
1769,Milk
1770,Cheese
1770,Eggs
1771,Cheese
1771,Eggs
1772,Diaper
1772,Cola
1772,Eggs
1773,Bread
1773,Fish
1773,Cola
1773,Chicken
1774,Chicken
1774,Apples
1774,Cola
1774,Fish
1775,Chicken
1776,Cheese
1776,Milk
1777,Bread
1777,Diaper
1777,Chicken
1778,Milk
1778,Fish
1778,Eggs
1778,Chicken
1779,Diaper
1779,Fish
1780,Cola
1780,Eggs
1781,Milk
1781,Diaper
1781,Fish
1781,Eggs
1781,Cheese
1782,Bread
1782,Fish
1782,Diaper
1782,Chicken
1783,Apples
1783,Milk
1783,Cheese
1783,Beer
1784,Fish
1784,Cheese
1784,Milk
1784,Chicken
1784,Apples
1785,Fish
1785,Bread
1786,Diaper
1786,Apples
1786,Beer
1786,Cheese
1787,Eggs
1788,Cheese
1788,Milk
1788,Bread
1788,Eggs
1789,Bread
1789,Fish
1789,Chicken
1789,Apples
1789,Beer
1790,Diaper
1790,Milk
1790,Beer
1791,Fish
1791,Apples
1791,Bread
1791,Chicken
1792,Chicken
1793,Beer
1793,Cola
1794,Apples
1794,Milk
1795,Cheese
1795,Chicken
1795,Apples
1796,Eggs
1796,Milk
1796,Beer
1797,Cola
1797,Apples
1797,Cheese
1798,Cola
1798,Chicken
1799,Fish
1799,Cheese
1799,Apples
1800,Eggs
1800,Cola
1801,Fish
1802,Fish
1802,Diaper
1802,Apples
1803,Beer
1804,Beer
1804,Diaper
1804,Cheese
1805,Fish
1805,Eggs
1805,Beer
1806,Diaper
1806,Apples
1807,Cola
1807,Chicken
1808,Diaper
1808,Fish
1808,Cola
1808,Bread
1809,Fish
1809,Cheese
1809,Milk
1810,Fish
1810,Chicken
1811,Cheese
1811,Beer
1811,Apples
1811,Cola
1812,Cheese
1812,Chicken
1813,Chicken
1813,Cheese
1813,Eggs
1813,Beer
1813,Bread
1814,Cheese
1815,Cola
1815,Beer
1816,Fish
1816,Cheese
1816,Diaper
1816,Chicken
1817,Cola
1818,Bread
1818,Beer
1818,Eggs
1819,Diaper
1819,Beer
1819,Eggs
1819,Chicken
1820,Milk
1821,Eggs
1822,Cola
1822,Fish
1822,Apples
1823,Diaper
1824,Beer
1825,Cheese
1826,Cheese
1827,Bread
1828,Beer
1828,Apples
1828,Bread
1829,Bread
1830,Apples
1830,Bread
1831,Beer
1831,Diaper
1832,Fish
1832,Bread
1832,Cola
1832,Beer
1833,Milk
1833,Cola
1833,Apples
1834,Cheese
1835,Beer
1835,Eggs
1836,Milk
1836,Beer
1836,Fish
1836,Bread
1837,Milk
1837,Diaper
1838,Milk
1838,Eggs
1838,Beer
1838,Fish
1838,Chicken
1839,Milk
1840,Eggs
1840,Cola
1840,Diaper
1840,Fish
1840,Chicken
1841,Fish
1841,Eggs
1841,Beer
1841,Apples
1842,Cola
1842,Eggs
1842,Chicken
1843,Beer
1843,Cola
1843,Chicken
1843,Eggs
1843,Milk
1844,Cola
1844,Milk
1845,Eggs
1845,Cola
1846,Bread
1847,Cola
1847,Cheese
1847,Eggs
1847,Diaper
1847,Apples
1848,Diaper
1848,Cola
1848,Apples
1848,Eggs
1848,Chicken
1849,Eggs
1850,Eggs
1850,Bread
1851,Chicken
1851,Beer
1852,Bread
1852,Milk
1852,Cheese
1853,Cola
1853,Eggs
1853,Chicken
1853,Apples
1854,Eggs
1854,Beer
1855,Diaper
1856,Milk
1857,Cola
1857,Chicken
1857,Diaper
1857,Eggs
1857,Cheese
1858,Cola
1858,Diaper
1859,Fish
1859,Cheese
1859,Diaper
1860,Beer
1860,Fish
1860,Milk
1861,Apples
1861,Bread
1861,Fish
1861,Chicken
1862,Fish
1863,Milk
1863,Apples
1864,Milk
1864,Cheese
1865,Apples
1865,Diaper
1866,Fish
1866,Beer
1866,Chicken
1866,Milk
1867,Bread
1867,Beer
1867,Cheese
1868,Diaper
1868,Eggs
1868,Apples
1869,Milk
1869,Eggs
1869,Chicken
1870,Eggs
1870,Chicken
1870,Diaper
1870,Bread
1870,Apples
1871,Bread
1871,Diaper
1871,Milk
1871,Eggs
1871,Apples
1872,Apples
1872,Diaper
1872,Cheese
1873,Bread
1873,Eggs
1873,Diaper
1873,Cola
1873,Milk
1874,Chicken
1874,Apples
1874,Cheese
1874,Fish
1874,Milk
1875,Fish
1875,Apples
1875,Beer
1876,Beer
1876,Bread
1876,Chicken
1876,Diaper
1877,Cheese
1877,Eggs
1877,Beer
1878,Bread
1878,Fish
1878,Milk
1878,Apples
1879,Milk
1879,Fish
1879,Beer
1879,Eggs
1879,Apples
1880,Cola
1881,Apples
1881,Cola
1881,Diaper
1882,Apples
1883,Chicken
1884,Cheese
1885,Apples
1886,Eggs
1886,Cheese
1886,Milk
1886,Chicken
1886,Bread
1887,Diaper
1887,Eggs
1887,Milk
1887,Cola
1887,Beer
1888,Eggs
1889,Chicken
1889,Cola
1889,Apples
1889,Eggs
1889,Fish
1890,Fish
1890,Milk
1891,Apples
1891,Beer
1891,Diaper
1891,Cheese
1892,Milk
1893,Eggs
1893,Fish
1893,Bread
1893,Beer
1893,Milk
1894,Fish
1894,Chicken
1894,Cola
1895,Eggs
1895,Cheese
1895,Milk
1895,Cola
1896,Beer
1896,Fish
1896,Cola
1897,Cola
1897,Milk
1898,Apples
1898,Bread
1899,Bread
1899,Eggs
1900,Chicken
1900,Cola
1900,Apples
1900,Cheese
1900,Eggs
1901,Fish
1901,Cola
1901,Eggs
1902,Cheese
1902,Beer
1902,Bread
1902,Milk
1902,Fish
1903,Bread
1904,Bread
1905,Fish
1905,Eggs
1905,Cheese
1905,Diaper
1906,Bread
1906,Apples
1906,Cheese
1906,Milk
1906,Eggs
1907,Beer
1907,Eggs
1908,Milk
1908,Eggs
1909,Chicken
1909,Beer
1909,Bread
1909,Apples
1909,Eggs
1910,Bread
1910,Beer
1911,Chicken
1911,Fish
1911,Bread
1912,Diaper
1913,Cheese
1913,Bread
1913,Milk
1914,Chicken
1914,Eggs
1914,Bread
1914,Apples
1915,Bread
1915,Diaper
1916,Cola
1916,Milk
1916,Chicken
1916,Diaper
1917,Milk
1917,Bread
1917,Chicken
1917,Apples
1918,Eggs
1918,Bread
1919,Diaper
1920,Beer
1920,Fish
1920,Cola
1921,Apples
1921,Beer
1922,Bread
1922,Apples
1922,Beer
1923,Fish
1924,Diaper
1924,Apples
1924,Cola
1924,Fish
1925,Beer
1925,Apples
1926,Fish
1926,Milk
1927,Apples
1927,Eggs
1927,Milk
1927,Fish
1928,Diaper
1928,Eggs
1928,Cola
1928,Cheese
1928,Beer
1929,Cola
1929,Milk
1930,Diaper
1930,Milk
1930,Chicken
1930,Cheese
1930,Beer
1931,Cheese
1931,Cola
1931,Diaper
1931,Bread
1932,Fish
1932,Cheese
1932,Milk
1932,Bread
1933,Bread
1933,Cola
1933,Diaper
1933,Chicken
1934,Bread
1934,Diaper
1935,Eggs
1935,Apples
1936,Fish
1936,Cola
1936,Milk
1936,Cheese
1936,Diaper
1937,Diaper
1938,Eggs
1939,Cola
1939,Diaper
1939,Apples
1940,Cheese
1940,Bread
1940,Cola
1940,Beer
1941,Apples
1941,Cheese
1941,Eggs
1942,Apples
1942,Cheese
1942,Milk
1942,Cola
1943,Bread
1944,Chicken
1944,Milk
1944,Diaper
1945,Cheese
1945,Milk
1945,Chicken
1945,Cola
1946,Bread
1946,Apples
1947,Eggs
1947,Chicken
1947,Apples
1948,Fish
1949,Milk
1949,Cola
1949,Beer
1949,Cheese
1949,Bread
1950,Diaper
1950,Cheese
1950,Chicken
1951,Chicken
1951,Apples
1951,Fish
1951,Milk
1951,Cola
1952,Eggs
1953,Milk
1953,Chicken
1954,Chicken
1954,Cheese
1954,Fish
1954,Apples
1954,Milk
1955,Beer
1955,Fish
1955,Cheese
1955,Apples
1956,Fish
1956,Diaper
1957,Apples
1957,Beer
1957,Fish
1958,Eggs
1958,Diaper
1958,Cheese
1959,Beer
1959,Milk
1960,Cola
1961,Cheese
1961,Eggs
1962,Fish
1962,Beer
1962,Bread
1963,Bread
1963,Eggs
1964,Cola
1964,Cheese
1965,Fish
1965,Beer
1965,Cheese
1966,Eggs
1966,Apples
1967,Beer
1967,Fish
1967,Bread
1967,Milk
1967,Apples
1968,Beer
1969,Beer
1970,Apples
1970,Cola
1970,Cheese
1970,Diaper
1971,Cola
1972,Fish
1972,Chicken
1972,Milk
1972,Diaper
1973,Cola
1974,Diaper
1974,Beer
1975,Apples
1975,Cola
1975,Cheese
1976,Beer
1976,Chicken
1976,Cheese
1976,Cola
1976,Fish
1977,Chicken
1977,Fish
1977,Diaper
1977,Cola
1977,Eggs
1978,Cheese
1979,Milk
1979,Eggs
1979,Fish
1980,Diaper
1980,Cola
1980,Chicken
1980,Fish
1981,Fish
1981,Apples
1981,Cheese
1982,Cheese
1982,Eggs
1982,Beer
1982,Cola
1982,Diaper
1983,Chicken
1983,Apples
1984,Eggs
1984,Beer
1984,Fish
1984,Cola
1984,Bread
1985,Beer
1985,Diaper
1985,Apples
1986,Milk
1987,Cheese
1987,Fish
1987,Diaper
1987,Chicken
1987,Bread
1988,Chicken
1989,Chicken
1989,Fish
1990,Fish
1990,Milk
1991,Diaper
1992,Cola
1992,Apples
1992,Diaper
1993,Cola
1993,Cheese
1993,Diaper
1994,Cola
1994,Bread
1994,Diaper
1994,Eggs
1994,Apples
1995,Diaper
1995,Chicken
1995,Milk
1996,Diaper
1996,Milk
1996,Apples
1996,Beer
1996,Bread
1997,Cola
1998,Diaper
1998,Fish
1998,Beer
1998,Apples
1998,Eggs
1999,Eggs
1999,Apples
1999,Chicken
1999,Cheese
2000,Beer
